"join_field","model_code","ref_label","ref_percent","scls_label","state_class_id","age_category","canopy_category","oid","value","cur_scls_count","lc16_bps_200_cup","lc20_s_cla_220","bps_model","bps_name","groupveg","label","bps_count","bps_acres","ref_scls_acres","cur_scls_acres","cur_percent"
"13022_41_50_51_A","13022_41_50_51","A",2,"A","Early1:ALL","Early1","ALL",52,52,130,1615,1,"13022_41_50_51","Laurentian-Acadian Northern Hardwoods Forest-Hemlock","Hardwood","A",7468754,1661009.811453,33220,29,0
"13022_41_50_51_A","13022_41_50_51","A",2,"A","Early1:ALL","Early1","ALL",102,102,201,1614,1,"13022_41_50_51","Laurentian-Acadian Northern Hardwoods Forest-Hemlock","Hardwood","A",7468754,1661009.811453,33220,45,0
"13022_41_50_51_A","13022_41_50_51","A",2,"A","Early1:ALL","Early1","ALL",223,223,10,1561,1,"13022_41_50_51","Laurentian-Acadian Northern Hardwoods Forest-Hemlock","Hardwood","A",7468754,1661009.811453,33220,2,0
"13022_41_50_51_A","13022_41_50_51","A",2,"A","Early1:ALL","Early1","ALL",234,234,1,1562,1,"13022_41_50_51","Laurentian-Acadian Northern Hardwoods Forest-Hemlock","Hardwood","A",7468754,1661009.811453,33220,0,0
"13022_41_50_51_B","13022_41_50_51","B",4,"B","Early2:ALL","Early2","ALL",16,16,39476,1615,2,"13022_41_50_51","Laurentian-Acadian Northern Hardwoods Forest-Hemlock","Hardwood","B",7468754,1661009.811453,66440,8779,1
"13022_41_50_51_B","13022_41_50_51","B",4,"B","Early2:ALL","Early2","ALL",91,91,48622,1614,2,"13022_41_50_51","Laurentian-Acadian Northern Hardwoods Forest-Hemlock","Hardwood","B",7468754,1661009.811453,66440,10813,1
"13022_41_50_51_B","13022_41_50_51","B",4,"B","Early2:ALL","Early2","ALL",145,145,431,1561,2,"13022_41_50_51","Laurentian-Acadian Northern Hardwoods Forest-Hemlock","Hardwood","B",7468754,1661009.811453,66440,96,0
"13022_41_50_51_B","13022_41_50_51","B",4,"B","Early2:ALL","Early2","ALL",175,175,432,1562,2,"13022_41_50_51","Laurentian-Acadian Northern Hardwoods Forest-Hemlock","Hardwood","B",7468754,1661009.811453,66440,96,0
"13022_41_50_51_C","13022_41_50_51","C",14,"C","Mid1:CLS","Mid1","CLS",6,6,564748,1615,3,"13022_41_50_51","Laurentian-Acadian Northern Hardwoods Forest-Hemlock","Hardwood","C",7468754,1661009.811453,232541,125597,8
"13022_41_50_51_C","13022_41_50_51","C",14,"C","Mid1:CLS","Mid1","CLS",66,66,1003715,1614,3,"13022_41_50_51","Laurentian-Acadian Northern Hardwoods Forest-Hemlock","Hardwood","C",7468754,1661009.811453,232541,223221,13
"13022_41_50_51_C","13022_41_50_51","C",14,"C","Mid1:CLS","Mid1","CLS",151,151,6647,1561,3,"13022_41_50_51","Laurentian-Acadian Northern Hardwoods Forest-Hemlock","Hardwood","C",7468754,1661009.811453,232541,1478,0
"13022_41_50_51_C","13022_41_50_51","C",14,"C","Mid1:CLS","Mid1","CLS",158,158,3172,1562,3,"13022_41_50_51","Laurentian-Acadian Northern Hardwoods Forest-Hemlock","Hardwood","C",7468754,1661009.811453,232541,705,0
"13022_41_50_51_D","13022_41_50_51","D",76,"D","Late1:CLS","Late1","CLS",NA,NA,NA,NA,NA,NA,NA,NA,NA,0,0,0,NA,NA
"13022_41_50_51_E","13022_41_50_51","E",4,"E","Mid2:CLS","Mid2","CLS",2,2,1209031,1615,5,"13022_41_50_51","Laurentian-Acadian Northern Hardwoods Forest-Hemlock","Hardwood","E",7468754,1661009.811453,66440,268882,16
"13022_41_50_51_E","13022_41_50_51","E",4,"E","Mid2:CLS","Mid2","CLS",67,67,2154461,1614,5,"13022_41_50_51","Laurentian-Acadian Northern Hardwoods Forest-Hemlock","Hardwood","E",7468754,1661009.811453,66440,479140,29
"13022_41_50_51_E","13022_41_50_51","E",4,"E","Mid2:CLS","Mid2","CLS",131,131,35492,1561,5,"13022_41_50_51","Laurentian-Acadian Northern Hardwoods Forest-Hemlock","Hardwood","E",7468754,1661009.811453,66440,7893,0
"13022_41_50_51_E","13022_41_50_51","E",4,"E","Mid2:CLS","Mid2","CLS",149,149,33817,1562,5,"13022_41_50_51","Laurentian-Acadian Northern Hardwoods Forest-Hemlock","Hardwood","E",7468754,1661009.811453,66440,7521,0
"13022_41_50_51_Agriculture","13022_41_50_51","Agriculture",0,NA,NA,NA,NA,36,36,167486,1615,180,"13022_41_50_51","Laurentian-Acadian Northern Hardwoods Forest-Hemlock","Hardwood","Agriculture",7468754,1661009.811453,0,37248,2
"13022_41_50_51_Agriculture","13022_41_50_51","Agriculture",0,NA,NA,NA,NA,81,81,447369,1614,180,"13022_41_50_51","Laurentian-Acadian Northern Hardwoods Forest-Hemlock","Hardwood","Agriculture",7468754,1661009.811453,0,99492,6
"13022_41_50_51_Agriculture","13022_41_50_51","Agriculture",0,NA,NA,NA,NA,164,164,21185,1561,180,"13022_41_50_51","Laurentian-Acadian Northern Hardwoods Forest-Hemlock","Hardwood","Agriculture",7468754,1661009.811453,0,4711,0
"13022_41_50_51_Agriculture","13022_41_50_51","Agriculture",0,NA,NA,NA,NA,172,172,19696,1562,180,"13022_41_50_51","Laurentian-Acadian Northern Hardwoods Forest-Hemlock","Hardwood","Agriculture",7468754,1661009.811453,0,4380,0
"13022_41_50_51_Urban","13022_41_50_51","Urban",0,NA,NA,NA,NA,NA,NA,NA,NA,NA,NA,NA,NA,NA,0,0,0,NA,NA
"13022_41_50_51_Water","13022_41_50_51","Water",0,NA,NA,NA,NA,NA,NA,NA,NA,NA,NA,NA,NA,NA,0,0,0,NA,NA
"13022_41_50_51_UN","13022_41_50_51","UN",0,NA,NA,NA,NA,1,1,361368,1615,6,"13022_41_50_51","Laurentian-Acadian Northern Hardwoods Forest-Hemlock","Hardwood","UN",7468754,1661009.811453,0,80366,5
"13022_41_50_51_UN","13022_41_50_51","UN",0,NA,NA,NA,NA,70,70,597605,1614,6,"13022_41_50_51","Laurentian-Acadian Northern Hardwoods Forest-Hemlock","Hardwood","UN",7468754,1661009.811453,0,132904,8
"13022_41_50_51_UN","13022_41_50_51","UN",0,NA,NA,NA,NA,132,132,15098,1561,6,"13022_41_50_51","Laurentian-Acadian Northern Hardwoods Forest-Hemlock","Hardwood","UN",7468754,1661009.811453,0,3358,0
"13022_41_50_51_UN","13022_41_50_51","UN",0,NA,NA,NA,NA,150,150,17279,1562,6,"13022_41_50_51","Laurentian-Acadian Northern Hardwoods Forest-Hemlock","Hardwood","UN",7468754,1661009.811453,0,3843,0
"13022_41_50_51_UE","13022_41_50_51","UE",0,NA,NA,NA,NA,5,5,78749,1615,7,"13022_41_50_51","Laurentian-Acadian Northern Hardwoods Forest-Hemlock","Hardwood","UE",7468754,1661009.811453,0,17513,1
"13022_41_50_51_UE","13022_41_50_51","UE",0,NA,NA,NA,NA,84,84,132086,1614,7,"13022_41_50_51","Laurentian-Acadian Northern Hardwoods Forest-Hemlock","Hardwood","UE",7468754,1661009.811453,0,29375,2
"13022_41_50_51_UE","13022_41_50_51","UE",0,NA,NA,NA,NA,141,141,6128,1561,7,"13022_41_50_51","Laurentian-Acadian Northern Hardwoods Forest-Hemlock","Hardwood","UE",7468754,1661009.811453,0,1363,0
"13022_41_50_51_UE","13022_41_50_51","UE",0,NA,NA,NA,NA,166,166,6691,1562,7,"13022_41_50_51","Laurentian-Acadian Northern Hardwoods Forest-Hemlock","Hardwood","UE",7468754,1661009.811453,0,1488,0
"13023_51_A","13023_51","A",4,"A","Early1:ALL","Early1","ALL",127,127,4,1616,1,"13023_51","Laurentian-Acadian Northern Hardwoods Forest-Northern Sugar Maple-Basswood","Hardwood","A",195553,43489.9116585,1740,1,0
"13023_51_B","13023_51","B",7,"B","Early2:ALL","Early2","ALL",80,80,3688,1616,2,"13023_51","Laurentian-Acadian Northern Hardwoods Forest-Northern Sugar Maple-Basswood","Hardwood","B",195553,43489.9116585,3044,820,2
"13023_51_C","13023_51","C",16,"C","Mid1:CLS","Mid1","CLS",75,75,58228,1616,3,"13023_51","Laurentian-Acadian Northern Hardwoods Forest-Northern Sugar Maple-Basswood","Hardwood","C",195553,43489.9116585,6958,12950,30
"13023_51_D","13023_51","D",69,"D","Late1:CLS","Late1","CLS",NA,NA,NA,NA,NA,NA,NA,NA,NA,0,0,0,NA,NA
"13023_51_E","13023_51","E",4,"E","Mid2:CLS","Mid2","CLS",74,74,86921,1616,5,"13023_51","Laurentian-Acadian Northern Hardwoods Forest-Northern Sugar Maple-Basswood","Hardwood","E",195553,43489.9116585,1740,19331,44
"13023_51_Agriculture","13023_51","Agriculture",0,NA,NA,NA,NA,86,86,12442,1616,180,"13023_51","Laurentian-Acadian Northern Hardwoods Forest-Northern Sugar Maple-Basswood","Hardwood","Agriculture",195553,43489.9116585,0,2767,6
"13023_51_Urban","13023_51","Urban",0,NA,NA,NA,NA,NA,NA,NA,NA,NA,NA,NA,NA,NA,0,0,0,NA,NA
"13023_51_Water","13023_51","Water",0,NA,NA,NA,NA,NA,NA,NA,NA,NA,NA,NA,NA,NA,0,0,0,NA,NA
"13023_51_UN","13023_51","UN",0,NA,NA,NA,NA,76,76,20271,1616,6,"13023_51","Laurentian-Acadian Northern Hardwoods Forest-Northern Sugar Maple-Basswood","Hardwood","UN",195553,43489.9116585,0,4508,10
"13023_51_UE","13023_51","UE",0,NA,NA,NA,NA,85,85,5376,1616,7,"13023_51","Laurentian-Acadian Northern Hardwoods Forest-Northern Sugar Maple-Basswood","Hardwood","UE",195553,43489.9116585,0,1196,3
"13100_44_50_A","13100_44_50","A",3,"A","Early1:ALL","Early1","ALL",235,235,22,1563,1,"13100_44_50","North-Central Interior Dry-Mesic Oak Forest and Woodland","Hardwood","A",619,137.6621955,4,5,4
"13100_44_50_B","13100_44_50","B",12,"B","Mid1:OPN","Mid1","OPN",NA,NA,NA,NA,NA,NA,NA,NA,NA,0,0,0,NA,NA
"13100_44_50_C","13100_44_50","C",20,"C","Mid2:OPN","Mid2","OPN",196,196,86,1563,3,"13100_44_50","North-Central Interior Dry-Mesic Oak Forest and Woodland","Hardwood","C",619,137.6621955,28,19,14
"13100_44_50_D","13100_44_50","D",57,"D","Mid3:CLS","Mid3","CLS",198,198,77,1563,4,"13100_44_50","North-Central Interior Dry-Mesic Oak Forest and Woodland","Hardwood","D",619,137.6621955,78,17,12
"13100_44_50_E","13100_44_50","E",8,"E","Late2:CLS","Late2","CLS",200,200,3,1563,5,"13100_44_50","North-Central Interior Dry-Mesic Oak Forest and Woodland","Hardwood","E",619,137.6621955,11,1,0
"13100_44_50_Agriculture","13100_44_50","Agriculture",0,NA,NA,NA,NA,195,195,16,1563,180,"13100_44_50","North-Central Interior Dry-Mesic Oak Forest and Woodland","Hardwood","Agriculture",619,137.6621955,0,4,3
"13100_44_50_Urban","13100_44_50","Urban",0,NA,NA,NA,NA,NA,NA,NA,NA,NA,NA,NA,NA,NA,0,0,0,NA,NA
"13100_44_50_Water","13100_44_50","Water",0,NA,NA,NA,NA,NA,NA,NA,NA,NA,NA,NA,NA,NA,0,0,0,NA,NA
"13100_44_50_UN","13100_44_50","UN",0,NA,NA,NA,NA,NA,NA,NA,NA,NA,NA,NA,NA,NA,0,0,0,NA,NA
"13100_44_50_UE","13100_44_50","UE",0,NA,NA,NA,NA,199,199,11,1563,7,"13100_44_50","North-Central Interior Dry-Mesic Oak Forest and Woodland","Hardwood","UE",619,137.6621955,0,2,2
"13110_50_A","13110_50","A",4,"A","Early1:ALL","Early1","ALL",NA,NA,NA,NA,NA,NA,NA,NA,NA,0,0,0,NA,NA
"13110_50_B","13110_50","B",26,"B","Mid1:OPN","Mid1","OPN",NA,NA,NA,NA,NA,NA,NA,NA,NA,0,0,0,NA,NA
"13110_50_C","13110_50","C",36,"C","Mid2:OPN","Mid2","OPN",NA,NA,NA,NA,NA,NA,NA,NA,NA,0,0,0,NA,NA
"13110_50_D","13110_50","D",29,"D","Late1:CLS","Late1","CLS",NA,NA,NA,NA,NA,NA,NA,NA,NA,0,0,0,NA,NA
"13110_50_E","13110_50","E",5,"E","Late2:CLS","Late2","CLS",NA,NA,NA,NA,NA,NA,NA,NA,NA,0,0,0,NA,NA
"13110_50_Agriculture","13110_50","Agriculture",0,NA,NA,NA,NA,229,229,5,1564,180,"13110_50","North-Central Interior Dry Oak Forest and Woodland","Hardwood","Agriculture",23,5.1150735,0,1,22
"13110_50_Urban","13110_50","Urban",0,NA,NA,NA,NA,NA,NA,NA,NA,NA,NA,NA,NA,NA,0,0,0,NA,NA
"13110_50_Water","13110_50","Water",0,NA,NA,NA,NA,NA,NA,NA,NA,NA,NA,NA,NA,NA,0,0,0,NA,NA
"13110_50_UN","13110_50","UN",0,NA,NA,NA,NA,NA,NA,NA,NA,NA,NA,NA,NA,NA,0,0,0,NA,NA
"13110_50_UE","13110_50","UE",0,NA,NA,NA,NA,228,228,10,1564,7,"13110_50","North-Central Interior Dry Oak Forest and Woodland","Hardwood","UE",23,5.1150735,0,2,43
"13441_51_A","13441_51","A",35,"A","Early1:ALL","Early1","ALL",47,47,3595,1620,1,"13441_51","Boreal Jack Pine-Black Spruce Forest-Pine Barrens","Conifer","A",986459,219383.0560755,76784,800,0
"13441_51_B","13441_51","B",15,"B","Mid1:OPN","Mid1","OPN",50,50,3794,1620,2,"13441_51","Boreal Jack Pine-Black Spruce Forest-Pine Barrens","Conifer","B",986459,219383.0560755,32907,844,0
"13441_51_C","13441_51","C",31,"C","Mid2:OPN","Mid2","OPN",44,44,187566,1620,3,"13441_51","Boreal Jack Pine-Black Spruce Forest-Pine Barrens","Conifer","C",986459,219383.0560755,68009,41714,19
"13441_51_D","13441_51","D",19,"D","Late1:CLS","Late1","CLS",38,38,523537,1620,4,"13441_51","Boreal Jack Pine-Black Spruce Forest-Pine Barrens","Conifer","D",986459,219383.0560755,41683,116432,53
"13441_51_E","13441_51","E",NA,NA,NA,NA,NA,NA,NA,NA,NA,NA,NA,NA,NA,NA,0,0,NA,NA,NA
"13441_51_Agriculture","13441_51","Agriculture",0,NA,NA,NA,NA,48,48,8157,1620,180,"13441_51","Boreal Jack Pine-Black Spruce Forest-Pine Barrens","Conifer","Agriculture",986459,219383.0560755,0,1814,1
"13441_51_Urban","13441_51","Urban",0,NA,NA,NA,NA,NA,NA,NA,NA,NA,NA,NA,NA,NA,0,0,0,NA,NA
"13441_51_Water","13441_51","Water",0,NA,NA,NA,NA,NA,NA,NA,NA,NA,NA,NA,NA,NA,0,0,0,NA,NA
"13441_51_UN","13441_51","UN",0,NA,NA,NA,NA,46,46,19691,1620,6,"13441_51","Boreal Jack Pine-Black Spruce Forest-Pine Barrens","Conifer","UN",986459,219383.0560755,0,4379,2
"13441_51_UE","13441_51","UE",0,NA,NA,NA,NA,43,43,116000,1620,7,"13441_51","Boreal Jack Pine-Black Spruce Forest-Pine Barrens","Conifer","UE",986459,219383.0560755,0,25798,12
"13442_51_A","13442_51","A",31,"A","Early1:ALL","Early1","ALL",110,110,29,1621,1,"13442_51","Boreal Jack Pine-Black Spruce Forest-Spruce-Fir","Conifer","A",110305,24531.2253225,7605,6,0
"13442_51_B","13442_51","B",34,"B","Mid1:CLS","Mid1","CLS",62,62,3895,1621,2,"13442_51","Boreal Jack Pine-Black Spruce Forest-Spruce-Fir","Conifer","B",110305,24531.2253225,8341,866,4
"13442_51_C","13442_51","C",25,"C","Mid2:CLS","Mid2","CLS",30,30,38929,1621,3,"13442_51","Boreal Jack Pine-Black Spruce Forest-Spruce-Fir","Conifer","C",110305,24531.2253225,6133,8658,35
"13442_51_D","13442_51","D",10,"D","Late1:CLS","Late1","CLS",NA,NA,NA,NA,NA,NA,NA,NA,NA,0,0,0,NA,NA
"13442_51_E","13442_51","E",NA,NA,NA,NA,NA,NA,NA,NA,NA,NA,NA,NA,NA,NA,0,0,NA,NA,NA
"13442_51_Agriculture","13442_51","Agriculture",0,NA,NA,NA,NA,68,68,933,1621,180,"13442_51","Boreal Jack Pine-Black Spruce Forest-Spruce-Fir","Conifer","Agriculture",110305,24531.2253225,0,207,1
"13442_51_Urban","13442_51","Urban",0,NA,NA,NA,NA,NA,NA,NA,NA,NA,NA,NA,NA,NA,0,0,0,NA,NA
"13442_51_Water","13442_51","Water",0,NA,NA,NA,NA,NA,NA,NA,NA,NA,NA,NA,NA,NA,0,0,0,NA,NA
"13442_51_UN","13442_51","UN",0,NA,NA,NA,NA,32,32,48656,1621,6,"13442_51","Boreal Jack Pine-Black Spruce Forest-Spruce-Fir","Conifer","UN",110305,24531.2253225,0,10821,44
"13442_51_UE","13442_51","UE",0,NA,NA,NA,NA,45,45,7637,1621,7,"13442_51","Boreal Jack Pine-Black Spruce Forest-Spruce-Fir","Conifer","UE",110305,24531.2253225,0,1698,7
"13620_51_63_64_65_66_A","13620_51_63_64_65_66","A",13,"A","Early1:ALL","Early1","ALL",108,108,4520,1622,1,"13620_51_63_64_65_66","Laurentian-Acadian Northern Pine(-Oak) Forest","Hardwood-Conifer","A",698331,155304.9735795,20190,1005,1
"13620_51_63_64_65_66_B","13620_51_63_64_65_66","B",13,"B","Mid1:CLS","Mid1","CLS",71,71,423436,1622,2,"13620_51_63_64_65_66","Laurentian-Acadian Northern Pine(-Oak) Forest","Hardwood-Conifer","B",698331,155304.9735795,20190,94170,61
"13620_51_63_64_65_66_C","13620_51_63_64_65_66","C",48,"C","Mid2:OPN","Mid2","OPN",88,88,77251,1622,3,"13620_51_63_64_65_66","Laurentian-Acadian Northern Pine(-Oak) Forest","Hardwood-Conifer","C",698331,155304.9735795,74546,17180,11
"13620_51_63_64_65_66_D","13620_51_63_64_65_66","D",26,"D","Late1:CLS","Late1","CLS",NA,NA,NA,NA,NA,NA,NA,NA,NA,0,0,0,NA,NA
"13620_51_63_64_65_66_E","13620_51_63_64_65_66","E",NA,NA,NA,NA,NA,NA,NA,NA,NA,NA,NA,NA,NA,NA,0,0,NA,NA,NA
"13620_51_63_64_65_66_Agriculture","13620_51_63_64_65_66","Agriculture",0,NA,NA,NA,NA,89,89,40705,1622,180,"13620_51_63_64_65_66","Laurentian-Acadian Northern Pine(-Oak) Forest","Hardwood-Conifer","Agriculture",698331,155304.9735795,0,9053,6
"13620_51_63_64_65_66_Urban","13620_51_63_64_65_66","Urban",0,NA,NA,NA,NA,NA,NA,NA,NA,NA,NA,NA,NA,NA,0,0,0,NA,NA
"13620_51_63_64_65_66_Water","13620_51_63_64_65_66","Water",0,NA,NA,NA,NA,NA,NA,NA,NA,NA,NA,NA,NA,NA,0,0,0,NA,NA
"13620_51_63_64_65_66_UN","13620_51_63_64_65_66","UN",0,NA,NA,NA,NA,NA,NA,NA,NA,NA,NA,NA,NA,NA,0,0,0,NA,NA
"13620_51_63_64_65_66_UE","13620_51_63_64_65_66","UE",0,NA,NA,NA,NA,73,73,61417,1622,7,"13620_51_63_64_65_66","Laurentian-Acadian Northern Pine(-Oak) Forest","Hardwood-Conifer","UE",698331,155304.9735795,0,13659,9
"13622_41_50_A","13622_41_50","A",17,"A","Early1:ALL","Early1","ALL",162,162,3076,2726,1,"13622_41_50","Laurentian-Acadian Northern Pine(-Oak) Forest-Pine Dominated","Hardwood-Conifer","A",425471,94622.4103095,16086,684,1
"13622_41_50_B","13622_41_50","B",18,"B","Mid1:CLS","Mid1","CLS",129,129,222828,2726,2,"13622_41_50","Laurentian-Acadian Northern Pine(-Oak) Forest-Pine Dominated","Hardwood-Conifer","B",425471,94622.4103095,17032,49556,52
"13622_41_50_C","13622_41_50","C",16,"C","Mid2:CLS","Mid2","CLS",NA,NA,NA,NA,NA,NA,NA,NA,NA,0,0,0,NA,NA
"13622_41_50_D","13622_41_50","D",18,"D","Late1:CLS","Late1","CLS",130,130,72068,2726,4,"13622_41_50","Laurentian-Acadian Northern Pine(-Oak) Forest-Pine Dominated","Hardwood-Conifer","D",425471,94622.4103095,17032,16028,17
"13622_41_50_E","13622_41_50","E",31,"E","Late2:CLS","Late2","CLS",143,143,5081,2726,5,"13622_41_50","Laurentian-Acadian Northern Pine(-Oak) Forest-Pine Dominated","Hardwood-Conifer","E",425471,94622.4103095,29333,1130,1
"13622_41_50_Agriculture","13622_41_50","Agriculture",0,NA,NA,NA,NA,146,146,30582,2726,180,"13622_41_50","Laurentian-Acadian Northern Pine(-Oak) Forest-Pine Dominated","Hardwood-Conifer","Agriculture",425471,94622.4103095,0,6801,7
"13622_41_50_Urban","13622_41_50","Urban",0,NA,NA,NA,NA,NA,NA,NA,NA,NA,NA,NA,NA,NA,0,0,0,NA,NA
"13622_41_50_Water","13622_41_50","Water",0,NA,NA,NA,NA,NA,NA,NA,NA,NA,NA,NA,NA,NA,0,0,0,NA,NA
"13622_41_50_UN","13622_41_50","UN",0,NA,NA,NA,NA,137,137,21608,2726,6,"13622_41_50","Laurentian-Acadian Northern Pine(-Oak) Forest-Pine Dominated","Hardwood-Conifer","UN",425471,94622.4103095,0,4806,5
"13622_41_50_UE","13622_41_50","UE",0,NA,NA,NA,NA,142,142,23711,2726,7,"13622_41_50","Laurentian-Acadian Northern Pine(-Oak) Forest-Pine Dominated","Hardwood-Conifer","UE",425471,94622.4103095,0,5273,6
"13651_40_41_50_A","13651_40_41_50","A",12,"A","Early1:CLS","Early1","CLS",202,202,153,1568,1,"13651_40_41_50","Boreal White Spruce-Fir-Hardwood Forest-Inland","Conifer","A",1915290,425949.961905,51114,34,0
"13651_40_41_50_B","13651_40_41_50","B",5,"B","Early2:CLS","Early2","CLS",NA,NA,NA,NA,NA,NA,NA,NA,NA,0,0,0,NA,NA
"13651_40_41_50_C","13651_40_41_50","C",15,"C","Mid1:CLS","Mid1","CLS",194,194,17,1568,3,"13651_40_41_50","Boreal White Spruce-Fir-Hardwood Forest-Inland","Conifer","C",1915290,425949.961905,63892,4,0
"13651_40_41_50_D","13651_40_41_50","D",68,"D","Late1:CLS","Late1","CLS",138,138,6802,1568,4,"13651_40_41_50","Boreal White Spruce-Fir-Hardwood Forest-Inland","Conifer","D",1915290,425949.961905,289646,1513,0
"13651_40_41_50_E","13651_40_41_50","E",NA,NA,NA,NA,NA,NA,NA,NA,NA,NA,NA,NA,NA,NA,0,0,NA,NA,NA
"13651_40_41_50_Agriculture","13651_40_41_50","Agriculture",0,NA,NA,NA,NA,190,190,894,1568,180,"13651_40_41_50","Boreal White Spruce-Fir-Hardwood Forest-Inland","Conifer","Agriculture",1915290,425949.961905,0,199,0
"13651_40_41_50_Urban","13651_40_41_50","Urban",0,NA,NA,NA,NA,NA,NA,NA,NA,NA,NA,NA,NA,NA,0,0,0,NA,NA
"13651_40_41_50_Water","13651_40_41_50","Water",0,NA,NA,NA,NA,NA,NA,NA,NA,NA,NA,NA,NA,NA,0,0,0,NA,NA
"13651_40_41_50_UN","13651_40_41_50","UN",0,NA,NA,NA,NA,NA,NA,NA,NA,NA,NA,NA,NA,NA,0,0,0,NA,NA
"13651_40_41_50_UE","13651_40_41_50","UE",0,NA,NA,NA,NA,188,188,812,1568,7,"13651_40_41_50","Boreal White Spruce-Fir-Hardwood Forest-Inland","Conifer","UE",1915290,425949.961905,0,181,0
"13651_51_A","13651_51","A",7,"A","Early1:CLS","Early1","CLS",40,40,9081,1623,1,"13651_51","Boreal White Spruce-Fir-Hardwood Forest-Inland","Conifer","A",1915290,425949.961905,29816,2020,0
"13651_51_B","13651_51","B",22,"B","Early2:CLS","Early2","CLS",106,106,76,1623,2,"13651_51","Boreal White Spruce-Fir-Hardwood Forest-Inland","Conifer","B",1915290,425949.961905,93709,17,0
"13651_51_C","13651_51","C",7,"C","Mid1:CLS","Mid1","CLS",37,37,35155,1623,3,"13651_51","Boreal White Spruce-Fir-Hardwood Forest-Inland","Conifer","C",1915290,425949.961905,29816,7818,2
"13651_51_D","13651_51","D",64,"D","Late1:CLS","Late1","CLS",9,9,1509267,1623,4,"13651_51","Boreal White Spruce-Fir-Hardwood Forest-Inland","Conifer","D",1915290,425949.961905,272608,335653,79
"13651_51_E","13651_51","E",NA,NA,NA,NA,NA,NA,NA,NA,NA,NA,NA,NA,NA,NA,0,0,NA,NA,NA
"13651_51_Agriculture","13651_51","Agriculture",0,NA,NA,NA,NA,65,65,127605,1623,180,"13651_51","Boreal White Spruce-Fir-Hardwood Forest-Inland","Conifer","Agriculture",1915290,425949.961905,0,28379,7
"13651_51_Urban","13651_51","Urban",0,NA,NA,NA,NA,NA,NA,NA,NA,NA,NA,NA,NA,NA,0,0,0,NA,NA
"13651_51_Water","13651_51","Water",0,NA,NA,NA,NA,NA,NA,NA,NA,NA,NA,NA,NA,NA,0,0,0,NA,NA
"13651_51_UN","13651_51","UN",0,NA,NA,NA,NA,NA,NA,NA,NA,NA,NA,NA,NA,NA,0,0,0,NA,NA
"13651_51_UE","13651_51","UE",0,NA,NA,NA,NA,27,27,77896,1623,7,"13651_51","Boreal White Spruce-Fir-Hardwood Forest-Inland","Conifer","UE",1915290,425949.961905,0,17324,4
"13652_51_A","13652_51","A",4,"A","Early1:CLS","Early1","CLS",87,87,4206,1624,1,"13652_51","Boreal White Spruce-Fir-Hardwood Forest-Coastal","Conifer","A",659857,146748.5675865,5870,935,1
"13652_51_B","13652_51","B",13,"B","Early2:CLS","Early2","CLS",117,117,46,1624,2,"13652_51","Boreal White Spruce-Fir-Hardwood Forest-Coastal","Conifer","B",659857,146748.5675865,19077,10,0
"13652_51_C","13652_51","C",4,"C","Mid1:CLS","Mid1","CLS",97,97,12369,1624,3,"13652_51","Boreal White Spruce-Fir-Hardwood Forest-Coastal","Conifer","C",659857,146748.5675865,5870,2751,2
"13652_51_D","13652_51","D",79,"D","Late1:CLS","Late1","CLS",53,53,495101,1624,4,"13652_51","Boreal White Spruce-Fir-Hardwood Forest-Coastal","Conifer","D",659857,146748.5675865,115931,110108,75
"13652_51_E","13652_51","E",NA,NA,NA,NA,NA,NA,NA,NA,NA,NA,NA,NA,NA,NA,0,0,NA,NA,NA
"13652_51_Agriculture","13652_51","Agriculture",0,NA,NA,NA,NA,101,101,60106,1624,180,"13652_51","Boreal White Spruce-Fir-Hardwood Forest-Coastal","Conifer","Agriculture",659857,146748.5675865,0,13367,9
"13652_51_Urban","13652_51","Urban",0,NA,NA,NA,NA,NA,NA,NA,NA,NA,NA,NA,NA,NA,0,0,0,NA,NA
"13652_51_Water","13652_51","Water",0,NA,NA,NA,NA,NA,NA,NA,NA,NA,NA,NA,NA,NA,0,0,0,NA,NA
"13652_51_UN","13652_51","UN",0,NA,NA,NA,NA,NA,NA,NA,NA,NA,NA,NA,NA,NA,0,0,0,NA,NA
"13652_51_UE","13652_51","UE",0,NA,NA,NA,NA,92,92,25798,1624,7,"13652_51","Boreal White Spruce-Fir-Hardwood Forest-Coastal","Conifer","UE",659857,146748.5675865,0,5737,4
"13660_50_A","13660_50","A",3,"A","Early1:ALL","Early1","ALL",169,169,32,1569,1,"13660_50","Laurentian-Acadian Pine-Hemlock-Hardwood Forest","Hardwood-Conifer","A",1985644,441596.304558,13248,7,0
"13660_50_B","13660_50","B",16,"B","Early2:CLS","Early2","CLS",186,186,86,1569,2,"13660_50","Laurentian-Acadian Pine-Hemlock-Hardwood Forest","Hardwood-Conifer","B",1985644,441596.304558,70655,19,0
"13660_50_C","13660_50","C",39,"C","Mid1:CLS","Mid1","CLS",183,183,41,1569,3,"13660_50","Laurentian-Acadian Pine-Hemlock-Hardwood Forest","Hardwood-Conifer","C",1985644,441596.304558,172223,9,0
"13660_50_D","13660_50","D",42,"D","Late1:CLS","Late1","CLS",148,148,40806,1569,4,"13660_50","Laurentian-Acadian Pine-Hemlock-Hardwood Forest","Hardwood-Conifer","D",1985644,441596.304558,185470,9075,2
"13660_50_E","13660_50","E",NA,NA,NA,NA,NA,NA,NA,NA,NA,NA,NA,NA,NA,NA,0,0,NA,NA,NA
"13660_50_Agriculture","13660_50","Agriculture",0,NA,NA,NA,NA,163,163,8128,1569,180,"13660_50","Laurentian-Acadian Pine-Hemlock-Hardwood Forest","Hardwood-Conifer","Agriculture",1985644,441596.304558,0,1808,0
"13660_50_Urban","13660_50","Urban",0,NA,NA,NA,NA,NA,NA,NA,NA,NA,NA,NA,NA,NA,0,0,0,NA,NA
"13660_50_Water","13660_50","Water",0,NA,NA,NA,NA,NA,NA,NA,NA,NA,NA,NA,NA,NA,0,0,0,NA,NA
"13660_50_UN","13660_50","UN",0,NA,NA,NA,NA,NA,NA,NA,NA,NA,NA,NA,NA,NA,0,0,0,NA,NA
"13660_50_UE","13660_50","UE",0,NA,NA,NA,NA,167,167,3769,1569,7,"13660_50","Laurentian-Acadian Pine-Hemlock-Hardwood Forest","Hardwood-Conifer","UE",1985644,441596.304558,0,838,0
"13660_51_63_64_65_66_A","13660_51_63_64_65_66","A",3,"A","Early1:ALL","Early1","ALL",3,3,7760,1625,1,"13660_51_63_64_65_66","Laurentian-Acadian Pine-Hemlock-Hardwood Forest","Hardwood-Conifer","A",1985644,441596.304558,13248,1726,0
"13660_51_63_64_65_66_B","13660_51_63_64_65_66","B",16,"B","Early2:CLS","Early2","CLS",11,11,12618,1625,2,"13660_51_63_64_65_66","Laurentian-Acadian Pine-Hemlock-Hardwood Forest","Hardwood-Conifer","B",1985644,441596.304558,70655,2806,1
"13660_51_63_64_65_66_C","13660_51_63_64_65_66","C",39,"C","Mid1:CLS","Mid1","CLS",19,19,17836,1625,3,"13660_51_63_64_65_66","Laurentian-Acadian Pine-Hemlock-Hardwood Forest","Hardwood-Conifer","C",1985644,441596.304558,172223,3967,1
"13660_51_63_64_65_66_D","13660_51_63_64_65_66","D",42,"D","Late1:CLS","Late1","CLS",4,4,1603286,1625,4,"13660_51_63_64_65_66","Laurentian-Acadian Pine-Hemlock-Hardwood Forest","Hardwood-Conifer","D",1985644,441596.304558,185470,356562,81
"13660_51_63_64_65_66_E","13660_51_63_64_65_66","E",NA,NA,NA,NA,NA,NA,NA,NA,NA,NA,NA,NA,NA,NA,0,0,NA,NA,NA
"13660_51_63_64_65_66_Agriculture","13660_51_63_64_65_66","Agriculture",0,NA,NA,NA,NA,41,41,73938,1625,180,"13660_51_63_64_65_66","Laurentian-Acadian Pine-Hemlock-Hardwood Forest","Hardwood-Conifer","Agriculture",1985644,441596.304558,0,16443,4
"13660_51_63_64_65_66_Urban","13660_51_63_64_65_66","Urban",0,NA,NA,NA,NA,NA,NA,NA,NA,NA,NA,NA,NA,NA,0,0,0,NA,NA
"13660_51_63_64_65_66_Water","13660_51_63_64_65_66","Water",0,NA,NA,NA,NA,NA,NA,NA,NA,NA,NA,NA,NA,NA,0,0,0,NA,NA
"13660_51_63_64_65_66_UN","13660_51_63_64_65_66","UN",0,NA,NA,NA,NA,NA,NA,NA,NA,NA,NA,NA,NA,NA,0,0,0,NA,NA
"13660_51_63_64_65_66_UE","13660_51_63_64_65_66","UE",0,NA,NA,NA,NA,13,13,56685,1625,7,"13660_51_63_64_65_66","Laurentian-Acadian Pine-Hemlock-Hardwood Forest","Hardwood-Conifer","UE",1985644,441596.304558,0,12606,3
"13940_50_51_A","13940_50_51","A",7,"A","Early1:OPN","Early1","OPN",NA,NA,NA,NA,NA,NA,NA,NA,NA,0,0,0,NA,NA
"13940_50_51_B","13940_50_51","B",16,"B","Mid1:OPN","Mid1","OPN",NA,NA,NA,NA,NA,NA,NA,NA,NA,0,0,0,NA,NA
"13940_50_51_C","13940_50_51","C",64,"C","Late1:OPN","Late1","OPN",NA,NA,NA,NA,NA,NA,NA,NA,NA,0,0,0,NA,NA
"13940_50_51_D","13940_50_51","D",12,"D","Late2:OPN","Late2","OPN",NA,NA,NA,NA,NA,NA,NA,NA,NA,0,0,0,NA,NA
"13940_50_51_E","13940_50_51","E",1,"E","Late3:CLS","Late3","CLS",NA,NA,NA,NA,NA,NA,NA,NA,NA,0,0,0,NA,NA
"13940_50_51_Agriculture","13940_50_51","Agriculture",0,NA,NA,NA,NA,NA,NA,NA,NA,NA,NA,NA,NA,NA,0,0,0,NA,NA
"13940_50_51_Urban","13940_50_51","Urban",0,NA,NA,NA,NA,NA,NA,NA,NA,NA,NA,NA,NA,NA,0,0,0,NA,NA
"13940_50_51_Water","13940_50_51","Water",0,NA,NA,NA,NA,NA,NA,NA,NA,NA,NA,NA,NA,NA,0,0,0,NA,NA
"13940_50_51_UN","13940_50_51","UN",0,NA,NA,NA,NA,NA,NA,NA,NA,NA,NA,NA,NA,NA,0,0,0,NA,NA
"13940_50_51_UE","13940_50_51","UE",0,NA,NA,NA,NA,NA,NA,NA,NA,NA,NA,NA,NA,NA,0,0,0,NA,NA
"14071_41_50_51_A","14071_41_50_51","A",9,"A","Early1:ALL","Early1","ALL",121,121,108,1628,1,"14071_41_50_51","Laurentian Pine-Oak Barrens","Hardwood-Conifer","A",183645,40841.6379525,3676,24,0
"14071_41_50_51_B","14071_41_50_51","B",1,"B","Mid1:CLS","Mid1","CLS",123,123,8,1628,2,"14071_41_50_51","Laurentian Pine-Oak Barrens","Hardwood-Conifer","B",183645,40841.6379525,408,2,0
"14071_41_50_51_C","14071_41_50_51","C",26,"C","Mid2:OPN","Mid2","OPN",111,111,9654,1628,3,"14071_41_50_51","Laurentian Pine-Oak Barrens","Hardwood-Conifer","C",183645,40841.6379525,10619,2147,5
"14071_41_50_51_D","14071_41_50_51","D",62,"D","Late1:OPN","Late1","OPN",104,104,78443,1628,4,"14071_41_50_51","Laurentian Pine-Oak Barrens","Hardwood-Conifer","D",183645,40841.6379525,25322,17445,43
"14071_41_50_51_E","14071_41_50_51","E",2,"E","Late2:CLS","Late2","CLS",103,103,54803,1628,5,"14071_41_50_51","Laurentian Pine-Oak Barrens","Hardwood-Conifer","E",183645,40841.6379525,817,12188,30
"14071_41_50_51_Agriculture","14071_41_50_51","Agriculture",0,NA,NA,NA,NA,109,109,2145,1628,180,"14071_41_50_51","Laurentian Pine-Oak Barrens","Hardwood-Conifer","Agriculture",183645,40841.6379525,0,477,1
"14071_41_50_51_Urban","14071_41_50_51","Urban",0,NA,NA,NA,NA,NA,NA,NA,NA,NA,NA,NA,NA,NA,0,0,0,NA,NA
"14071_41_50_51_Water","14071_41_50_51","Water",0,NA,NA,NA,NA,NA,NA,NA,NA,NA,NA,NA,NA,NA,0,0,0,NA,NA
"14071_41_50_51_UN","14071_41_50_51","UN",0,NA,NA,NA,NA,120,120,1811,1628,6,"14071_41_50_51","Laurentian Pine-Oak Barrens","Hardwood-Conifer","UN",183645,40841.6379525,0,403,1
"14071_41_50_51_UE","14071_41_50_51","UE",0,NA,NA,NA,NA,105,105,16245,1628,7,"14071_41_50_51","Laurentian Pine-Oak Barrens","Hardwood-Conifer","UE",183645,40841.6379525,0,3613,9
"14072_41_50_51_A","14072_41_50_51","A",14,"A","Early1:ALL","Early1","ALL",100,100,391,1629,1,"14072_41_50_51","Laurentian Pine-Oak Barrens-Jack Pine","Conifer","A",208349,46335.6716805,6487,87,0
"14072_41_50_51_A","14072_41_50_51","A",14,"A","Early1:ALL","Early1","ALL",184,184,167,1573,1,"14072_41_50_51","Laurentian Pine-Oak Barrens-Jack Pine","Conifer","A",208349,46335.6716805,6487,37,0
"14072_41_50_51_B","14072_41_50_51","B",23,"B","Mid1:OPN","Mid1","OPN",99,99,272,1629,2,"14072_41_50_51","Laurentian Pine-Oak Barrens-Jack Pine","Conifer","B",208349,46335.6716805,10657,60,0
"14072_41_50_51_B","14072_41_50_51","B",23,"B","Mid1:OPN","Mid1","OPN",185,185,44,1573,2,"14072_41_50_51","Laurentian Pine-Oak Barrens-Jack Pine","Conifer","B",208349,46335.6716805,10657,10,0
"14072_41_50_51_C","14072_41_50_51","C",49,"C","Late1:OPN","Late1","OPN",93,93,86109,1629,3,"14072_41_50_51","Laurentian Pine-Oak Barrens-Jack Pine","Conifer","C",208349,46335.6716805,22704,19150,41
"14072_41_50_51_C","14072_41_50_51","C",49,"C","Late1:OPN","Late1","OPN",147,147,69859,1573,3,"14072_41_50_51","Laurentian Pine-Oak Barrens-Jack Pine","Conifer","C",208349,46335.6716805,22704,15536,34
"14072_41_50_51_D","14072_41_50_51","D",14,"D","Late1:CLS","Late1","CLS",107,107,7,1629,4,"14072_41_50_51","Laurentian Pine-Oak Barrens-Jack Pine","Conifer","D",208349,46335.6716805,6487,2,0
"14072_41_50_51_D","14072_41_50_51","D",14,"D","Late1:CLS","Late1","CLS",233,233,3,1573,4,"14072_41_50_51","Laurentian Pine-Oak Barrens-Jack Pine","Conifer","D",208349,46335.6716805,6487,1,0
"14072_41_50_51_E","14072_41_50_51","E",NA,NA,NA,NA,NA,NA,NA,NA,NA,NA,NA,NA,NA,NA,0,0,NA,NA,NA
"14072_41_50_51_Agriculture","14072_41_50_51","Agriculture",0,NA,NA,NA,NA,94,94,1173,1629,180,"14072_41_50_51","Laurentian Pine-Oak Barrens-Jack Pine","Conifer","Agriculture",208349,46335.6716805,0,261,1
"14072_41_50_51_Agriculture","14072_41_50_51","Agriculture",0,NA,NA,NA,NA,154,154,6778,1573,180,"14072_41_50_51","Laurentian Pine-Oak Barrens-Jack Pine","Conifer","Agriculture",208349,46335.6716805,0,1507,3
"14072_41_50_51_Urban","14072_41_50_51","Urban",0,NA,NA,NA,NA,NA,NA,NA,NA,NA,NA,NA,NA,NA,0,0,0,NA,NA
"14072_41_50_51_Water","14072_41_50_51","Water",0,NA,NA,NA,NA,NA,NA,NA,NA,NA,NA,NA,NA,NA,0,0,0,NA,NA
"14072_41_50_51_UN","14072_41_50_51","UN",0,NA,NA,NA,NA,NA,NA,NA,NA,NA,NA,NA,NA,NA,0,0,0,NA,NA
"14072_41_50_51_UE","14072_41_50_51","UE",0,NA,NA,NA,NA,96,96,11210,1629,7,"14072_41_50_51","Laurentian Pine-Oak Barrens-Jack Pine","Conifer","UE",208349,46335.6716805,0,2493,5
"14072_41_50_51_UE","14072_41_50_51","UE",0,NA,NA,NA,NA,152,152,6942,1573,7,"14072_41_50_51","Laurentian Pine-Oak Barrens-Jack Pine","Conifer","UE",208349,46335.6716805,0,1544,3
"14120_39_40_41_42_43_50_51_A","14120_39_40_41_42_43_50_51","A",80,"A","Early1:OPN","Early1","OPN",NA,NA,NA,NA,NA,NA,NA,NA,NA,0,0,0,NA,NA
"14120_39_40_41_42_43_50_51_B","14120_39_40_41_42_43_50_51","B",16,"B","Mid1:ALL","Mid1","ALL",NA,NA,NA,NA,NA,NA,NA,NA,NA,0,0,0,NA,NA
"14120_39_40_41_42_43_50_51_C","14120_39_40_41_42_43_50_51","C",4,"C","Mid2:ALL","Mid2","ALL",NA,NA,NA,NA,NA,NA,NA,NA,NA,0,0,0,NA,NA
"14120_39_40_41_42_43_50_51_D","14120_39_40_41_42_43_50_51","D",NA,NA,NA,NA,NA,NA,NA,NA,NA,NA,NA,NA,NA,NA,0,0,NA,NA,NA
"14120_39_40_41_42_43_50_51_E","14120_39_40_41_42_43_50_51","E",NA,NA,NA,NA,NA,NA,NA,NA,NA,NA,NA,NA,NA,NA,0,0,NA,NA,NA
"14120_39_40_41_42_43_50_51_Agriculture","14120_39_40_41_42_43_50_51","Agriculture",0,NA,NA,NA,NA,NA,NA,NA,NA,NA,NA,NA,NA,NA,0,0,0,NA,NA
"14120_39_40_41_42_43_50_51_Urban","14120_39_40_41_42_43_50_51","Urban",0,NA,NA,NA,NA,NA,NA,NA,NA,NA,NA,NA,NA,NA,0,0,0,NA,NA
"14120_39_40_41_42_43_50_51_Water","14120_39_40_41_42_43_50_51","Water",0,NA,NA,NA,NA,NA,NA,NA,NA,NA,NA,NA,NA,NA,0,0,0,NA,NA
"14120_39_40_41_42_43_50_51_UN","14120_39_40_41_42_43_50_51","UN",0,NA,NA,NA,NA,221,221,174,1575,6,"14120_39_40_41_42_43_50_51","North-Central Interior Sand and Gravel Tallgrass Prairie","Grassland","UN",262,58.267359,0,39,66
"14120_39_40_41_42_43_50_51_UE","14120_39_40_41_42_43_50_51","UE",0,NA,NA,NA,NA,222,222,3,1575,7,"14120_39_40_41_42_43_50_51","North-Central Interior Sand and Gravel Tallgrass Prairie","Grassland","UE",262,58.267359,0,1,1
"14210_31_38_42_43_44_50_51_A","14210_31_38_42_43_44_50_51","A",40,"A","Early1:OPN","Early1","OPN",237,237,1,1576,1,"14210_31_38_42_43_44_50_51","Central Tallgrass Prairie","Grassland","A",215,47.8148175,19,0,0
"14210_31_38_42_43_44_50_51_B","14210_31_38_42_43_44_50_51","B",58,"B","Mid1:OPN","Mid1","OPN",NA,NA,NA,NA,NA,NA,NA,NA,NA,0,0,0,NA,NA
"14210_31_38_42_43_44_50_51_C","14210_31_38_42_43_44_50_51","C",2,"C","Late1:ALL","Late1","ALL",NA,NA,NA,NA,NA,NA,NA,NA,NA,0,0,0,NA,NA
"14210_31_38_42_43_44_50_51_D","14210_31_38_42_43_44_50_51","D",NA,NA,NA,NA,NA,NA,NA,NA,NA,NA,NA,NA,NA,NA,0,0,NA,NA,NA
"14210_31_38_42_43_44_50_51_E","14210_31_38_42_43_44_50_51","E",NA,NA,NA,NA,NA,NA,NA,NA,NA,NA,NA,NA,NA,NA,0,0,NA,NA,NA
"14210_31_38_42_43_44_50_51_Agriculture","14210_31_38_42_43_44_50_51","Agriculture",0,NA,NA,NA,NA,225,225,2,1576,180,"14210_31_38_42_43_44_50_51","Central Tallgrass Prairie","Grassland","Agriculture",215,47.8148175,0,0,1
"14210_31_38_42_43_44_50_51_Urban","14210_31_38_42_43_44_50_51","Urban",0,NA,NA,NA,NA,NA,NA,NA,NA,NA,NA,NA,NA,NA,0,0,0,NA,NA
"14210_31_38_42_43_44_50_51_Water","14210_31_38_42_43_44_50_51","Water",0,NA,NA,NA,NA,NA,NA,NA,NA,NA,NA,NA,NA,NA,0,0,0,NA,NA
"14210_31_38_42_43_44_50_51_UN","14210_31_38_42_43_44_50_51","UN",0,NA,NA,NA,NA,219,219,173,1576,6,"14210_31_38_42_43_44_50_51","Central Tallgrass Prairie","Grassland","UN",215,47.8148175,0,38,80
"14210_31_38_42_43_44_50_51_UE","14210_31_38_42_43_44_50_51","UE",0,NA,NA,NA,NA,227,227,1,1576,7,"14210_31_38_42_43_44_50_51","Central Tallgrass Prairie","Grassland","UE",215,47.8148175,0,0,0
"14440_41_50_51_A","14440_41_50_51","A",15,"A","Early1:ALL","Early1","ALL",115,115,128,1633,1,"14440_41_50_51","Eastern Boreal Floodplain","Hardwood","A",146201,32514.2982945,4877,28,0
"14440_41_50_51_B","14440_41_50_51","B",35,"B","Mid1:OPN","Mid1","OPN",98,98,681,1633,2,"14440_41_50_51","Eastern Boreal Floodplain","Hardwood","B",146201,32514.2982945,11380,151,0
"14440_41_50_51_C","14440_41_50_51","C",37,"C","Mid1:CLS","Mid1","CLS",39,39,91178,1633,3,"14440_41_50_51","Eastern Boreal Floodplain","Hardwood","C",146201,32514.2982945,12030,20277,62
"14440_41_50_51_C","14440_41_50_51","C",37,"C","Mid1:CLS","Mid1","CLS",212,212,1,1577,3,"14440_41_50_51","Eastern Boreal Floodplain","Hardwood","C",146201,32514.2982945,12030,0,0
"14440_41_50_51_D","14440_41_50_51","D",13,"D","Late1:CLS","Late1","CLS",59,59,440,1633,4,"14440_41_50_51","Eastern Boreal Floodplain","Hardwood","D",146201,32514.2982945,4227,98,0
"14440_41_50_51_E","14440_41_50_51","E",NA,NA,NA,NA,NA,NA,NA,NA,NA,NA,NA,NA,NA,NA,0,0,NA,NA,NA
"14440_41_50_51_Agriculture","14440_41_50_51","Agriculture",0,NA,NA,NA,NA,69,69,2766,1633,180,"14440_41_50_51","Eastern Boreal Floodplain","Hardwood","Agriculture",146201,32514.2982945,0,615,2
"14440_41_50_51_Urban","14440_41_50_51","Urban",0,NA,NA,NA,NA,NA,NA,NA,NA,NA,NA,NA,NA,NA,0,0,0,NA,NA
"14440_41_50_51_Water","14440_41_50_51","Water",0,NA,NA,NA,NA,NA,NA,NA,NA,NA,NA,NA,NA,NA,0,0,0,NA,NA
"14440_41_50_51_UN","14440_41_50_51","UN",0,NA,NA,NA,NA,35,35,47926,1633,6,"14440_41_50_51","Eastern Boreal Floodplain","Hardwood","UN",146201,32514.2982945,0,10658,33
"14440_41_50_51_UE","14440_41_50_51","UE",0,NA,NA,NA,NA,57,57,1120,1633,7,"14440_41_50_51","Eastern Boreal Floodplain","Hardwood","UE",146201,32514.2982945,0,249,1
"14660_50_51_A","14660_50_51","A",23,"A","Early1:OPN","Early1","OPN",216,216,56,1578,1,"14660_50_51","Great Lakes Wooded Dune and Swale","Riparian","A",9008,2003.329656,461,12,1
"14660_50_51_B","14660_50_51","B",23,"B","Early2:OPN","Early2","OPN",236,236,11,1578,2,"14660_50_51","Great Lakes Wooded Dune and Swale","Riparian","B",9008,2003.329656,461,2,0
"14660_50_51_C","14660_50_51","C",27,"C","Late1:CLS","Late1","CLS",126,126,45,1634,3,"14660_50_51","Great Lakes Wooded Dune and Swale","Riparian","C",9008,2003.329656,541,10,0
"14660_50_51_C","14660_50_51","C",27,"C","Late1:CLS","Late1","CLS",213,213,8293,1578,3,"14660_50_51","Great Lakes Wooded Dune and Swale","Riparian","C",9008,2003.329656,541,1844,92
"14660_50_51_D","14660_50_51","D",27,"D","Late2:CLS","Late2","CLS",215,215,72,1578,4,"14660_50_51","Great Lakes Wooded Dune and Swale","Riparian","D",9008,2003.329656,541,16,1
"14660_50_51_E","14660_50_51","E",NA,NA,NA,NA,NA,NA,NA,NA,NA,NA,NA,NA,NA,NA,0,0,NA,NA,NA
"14660_50_51_Agriculture","14660_50_51","Agriculture",0,NA,NA,NA,NA,218,218,29,1578,180,"14660_50_51","Great Lakes Wooded Dune and Swale","Riparian","Agriculture",9008,2003.329656,0,6,0
"14660_50_51_Urban","14660_50_51","Urban",0,NA,NA,NA,NA,NA,NA,NA,NA,NA,NA,NA,NA,NA,0,0,0,NA,NA
"14660_50_51_Water","14660_50_51","Water",0,NA,NA,NA,NA,NA,NA,NA,NA,NA,NA,NA,NA,NA,0,0,0,NA,NA
"14660_50_51_UN","14660_50_51","UN",0,NA,NA,NA,NA,NA,NA,NA,NA,NA,NA,NA,NA,NA,0,0,0,NA,NA
"14660_50_51_UE","14660_50_51","UE",0,NA,NA,NA,NA,217,217,38,1578,7,"14660_50_51","Great Lakes Wooded Dune and Swale","Riparian","UE",9008,2003.329656,0,8,0
"14750_41_50_51_63_64_65_66_A","14750_41_50_51_63_64_65_66","A",16,"A","Early1:ALL","Early1","ALL",204,204,1,1580,1,"14750_41_50_51_63_64_65_66","Laurentian-Acadian Floodplain Systems","Riparian","A",115919,25779.7480455,4125,0,0
"14750_41_50_51_63_64_65_66_B","14750_41_50_51_63_64_65_66","B",23,"B","Mid1:OPN","Mid1","OPN",78,78,889,1636,2,"14750_41_50_51_63_64_65_66","Laurentian-Acadian Floodplain Systems","Riparian","B",115919,25779.7480455,5929,198,1
"14750_41_50_51_63_64_65_66_B","14750_41_50_51_63_64_65_66","B",23,"B","Mid1:OPN","Mid1","OPN",180,180,757,1580,2,"14750_41_50_51_63_64_65_66","Laurentian-Acadian Floodplain Systems","Riparian","B",115919,25779.7480455,5929,168,1
"14750_41_50_51_63_64_65_66_C","14750_41_50_51_63_64_65_66","C",44,"C","Mid1:CLS","Mid1","CLS",49,49,27531,1636,3,"14750_41_50_51_63_64_65_66","Laurentian-Acadian Floodplain Systems","Riparian","C",115919,25779.7480455,11343,6123,24
"14750_41_50_51_63_64_65_66_C","14750_41_50_51_63_64_65_66","C",44,"C","Mid1:CLS","Mid1","CLS",177,177,28183,1580,3,"14750_41_50_51_63_64_65_66","Laurentian-Acadian Floodplain Systems","Riparian","C",115919,25779.7480455,11343,6268,24
"14750_41_50_51_63_64_65_66_D","14750_41_50_51_63_64_65_66","D",17,"D","Late1:CLS","Late1","CLS",NA,NA,NA,NA,NA,NA,NA,NA,NA,0,0,0,NA,NA
"14750_41_50_51_63_64_65_66_E","14750_41_50_51_63_64_65_66","E",NA,NA,NA,NA,NA,NA,NA,NA,NA,NA,NA,NA,NA,NA,0,0,NA,NA,NA
"14750_41_50_51_63_64_65_66_Agriculture","14750_41_50_51_63_64_65_66","Agriculture",0,NA,NA,NA,NA,124,124,506,1636,180,"14750_41_50_51_63_64_65_66","Laurentian-Acadian Floodplain Systems","Riparian","Agriculture",115919,25779.7480455,0,113,0
"14750_41_50_51_63_64_65_66_Agriculture","14750_41_50_51_63_64_65_66","Agriculture",0,NA,NA,NA,NA,181,181,572,1580,180,"14750_41_50_51_63_64_65_66","Laurentian-Acadian Floodplain Systems","Riparian","Agriculture",115919,25779.7480455,0,127,0
"14750_41_50_51_63_64_65_66_Urban","14750_41_50_51_63_64_65_66","Urban",0,NA,NA,NA,NA,NA,NA,NA,NA,NA,NA,NA,NA,NA,0,0,0,NA,NA
"14750_41_50_51_63_64_65_66_Water","14750_41_50_51_63_64_65_66","Water",0,NA,NA,NA,NA,NA,NA,NA,NA,NA,NA,NA,NA,NA,0,0,0,NA,NA
"14750_41_50_51_63_64_65_66_UN","14750_41_50_51_63_64_65_66","UN",0,NA,NA,NA,NA,61,61,30969,1636,6,"14750_41_50_51_63_64_65_66","Laurentian-Acadian Floodplain Systems","Riparian","UN",115919,25779.7480455,0,6887,27
"14750_41_50_51_63_64_65_66_UN","14750_41_50_51_63_64_65_66","UN",0,NA,NA,NA,NA,178,178,21612,1580,6,"14750_41_50_51_63_64_65_66","Laurentian-Acadian Floodplain Systems","Riparian","UN",115919,25779.7480455,0,4806,19
"14750_41_50_51_63_64_65_66_UE","14750_41_50_51_63_64_65_66","UE",0,NA,NA,NA,NA,90,90,1016,1636,7,"14750_41_50_51_63_64_65_66","Laurentian-Acadian Floodplain Systems","Riparian","UE",115919,25779.7480455,0,226,1
"14750_41_50_51_63_64_65_66_UE","14750_41_50_51_63_64_65_66","UE",0,NA,NA,NA,NA,179,179,1084,1580,7,"14750_41_50_51_63_64_65_66","Laurentian-Acadian Floodplain Systems","Riparian","UE",115919,25779.7480455,0,241,1
"14770_40_41_50_51_A","14770_40_41_50_51","A",14,"A","Early1:ALL","Early1","ALL",34,34,110450,1637,1,"14770_40_41_50_51","Boreal Acidic Peatland Systems","Riparian","A",3337613,742266.7743285,103917,24563,3
"14770_40_41_50_51_A","14770_40_41_50_51","A",14,"A","Early1:ALL","Early1","ALL",157,157,148,1581,1,"14770_40_41_50_51","Boreal Acidic Peatland Systems","Riparian","A",3337613,742266.7743285,103917,33,0
"14770_40_41_50_51_B","14770_40_41_50_51","B",16,"B","Mid1:OPN","Mid1","OPN",29,29,126285,1637,2,"14770_40_41_50_51","Boreal Acidic Peatland Systems","Riparian","B",3337613,742266.7743285,118763,28085,4
"14770_40_41_50_51_B","14770_40_41_50_51","B",16,"B","Mid1:OPN","Mid1","OPN",140,140,485,1581,2,"14770_40_41_50_51","Boreal Acidic Peatland Systems","Riparian","B",3337613,742266.7743285,118763,108,0
"14770_40_41_50_51_C","14770_40_41_50_51","C",38,"C","Late1:CLS","Late1","CLS",15,15,829060,1637,3,"14770_40_41_50_51","Boreal Acidic Peatland Systems","Riparian","C",3337613,742266.7743285,282061,184378,25
"14770_40_41_50_51_C","14770_40_41_50_51","C",38,"C","Late1:CLS","Late1","CLS",139,139,10771,1581,3,"14770_40_41_50_51","Boreal Acidic Peatland Systems","Riparian","C",3337613,742266.7743285,282061,2395,0
"14770_40_41_50_51_D","14770_40_41_50_51","D",23,"D","Late2:ALL","Late2","ALL",12,12,2079163,1637,4,"14770_40_41_50_51","Boreal Acidic Peatland Systems","Riparian","D",3337613,742266.7743285,170721,462394,62
"14770_40_41_50_51_D","14770_40_41_50_51","D",23,"D","Late2:ALL","Late2","ALL",128,128,43032,1581,4,"14770_40_41_50_51","Boreal Acidic Peatland Systems","Riparian","D",3337613,742266.7743285,170721,9570,1
"14770_40_41_50_51_E","14770_40_41_50_51","E",9,"E","Late3:OPN","Late3","OPN",63,63,2594,1637,5,"14770_40_41_50_51","Boreal Acidic Peatland Systems","Riparian","E",3337613,742266.7743285,66804,577,0
"14770_40_41_50_51_E","14770_40_41_50_51","E",9,"E","Late3:OPN","Late3","OPN",155,155,3,1581,5,"14770_40_41_50_51","Boreal Acidic Peatland Systems","Riparian","E",3337613,742266.7743285,66804,1,0
"14770_40_41_50_51_Agriculture","14770_40_41_50_51","Agriculture",0,NA,NA,NA,NA,25,25,7224,1637,180,"14770_40_41_50_51","Boreal Acidic Peatland Systems","Riparian","Agriculture",3337613,742266.7743285,0,1607,0
"14770_40_41_50_51_Agriculture","14770_40_41_50_51","Agriculture",0,NA,NA,NA,NA,159,159,1876,1581,180,"14770_40_41_50_51","Boreal Acidic Peatland Systems","Riparian","Agriculture",3337613,742266.7743285,0,417,0
"14770_40_41_50_51_Urban","14770_40_41_50_51","Urban",0,NA,NA,NA,NA,NA,NA,NA,NA,NA,NA,NA,NA,NA,0,0,0,NA,NA
"14770_40_41_50_51_Water","14770_40_41_50_51","Water",0,NA,NA,NA,NA,NA,NA,NA,NA,NA,NA,NA,NA,NA,0,0,0,NA,NA
"14770_40_41_50_51_UN","14770_40_41_50_51","UN",0,NA,NA,NA,NA,26,26,64831,1637,6,"14770_40_41_50_51","Boreal Acidic Peatland Systems","Riparian","UN",3337613,742266.7743285,0,14418,2
"14770_40_41_50_51_UN","14770_40_41_50_51","UN",0,NA,NA,NA,NA,173,173,266,1581,6,"14770_40_41_50_51","Boreal Acidic Peatland Systems","Riparian","UN",3337613,742266.7743285,0,59,0
"14770_40_41_50_51_UE","14770_40_41_50_51","UE",0,NA,NA,NA,NA,23,23,25625,1637,7,"14770_40_41_50_51","Boreal Acidic Peatland Systems","Riparian","UE",3337613,742266.7743285,0,5699,1
"14770_40_41_50_51_UE","14770_40_41_50_51","UE",0,NA,NA,NA,NA,153,153,1512,1581,7,"14770_40_41_50_51","Boreal Acidic Peatland Systems","Riparian","UE",3337613,742266.7743285,0,336,0
"14810_41_50_51_63_A","14810_41_50_51_63","A",14,"A","Early1:ALL","Early1","ALL",22,22,273533,1639,1,"14810_41_50_51_63","Laurentian-Acadian Alkaline Conifer-Hardwood Swamp","Riparian","A",6151561,1368073.3328145,191530,60832,4
"14810_41_50_51_63_A","14810_41_50_51_63","A",14,"A","Early1:ALL","Early1","ALL",170,170,1493,1583,1,"14810_41_50_51_63","Laurentian-Acadian Alkaline Conifer-Hardwood Swamp","Riparian","A",6151561,1368073.3328145,191530,332,0
"14810_41_50_51_63_B","14810_41_50_51_63","B",11,"B","Early2:CLS","Early2","CLS",24,24,229943,1639,2,"14810_41_50_51_63","Laurentian-Acadian Alkaline Conifer-Hardwood Swamp","Riparian","B",6151561,1368073.3328145,150488,51138,4
"14810_41_50_51_63_B","14810_41_50_51_63","B",11,"B","Early2:CLS","Early2","CLS",156,156,1747,1583,2,"14810_41_50_51_63","Laurentian-Acadian Alkaline Conifer-Hardwood Swamp","Riparian","B",6151561,1368073.3328145,150488,389,0
"14810_41_50_51_63_C","14810_41_50_51_63","C",21,"C","Mid1:CLS","Mid1","CLS",14,14,1069486,1639,3,"14810_41_50_51_63","Laurentian-Acadian Alkaline Conifer-Hardwood Swamp","Riparian","C",6151561,1368073.3328145,287295,237848,17
"14810_41_50_51_63_C","14810_41_50_51_63","C",21,"C","Mid1:CLS","Mid1","CLS",136,136,26108,1583,3,"14810_41_50_51_63","Laurentian-Acadian Alkaline Conifer-Hardwood Swamp","Riparian","C",6151561,1368073.3328145,287295,5806,0
"14810_41_50_51_63_D","14810_41_50_51_63","D",54,"D","Late1:CLS","Late1","CLS",7,7,4263090,1639,4,"14810_41_50_51_63","Laurentian-Acadian Alkaline Conifer-Hardwood Swamp","Riparian","D",6151561,1368073.3328145,738760,948088,69
"14810_41_50_51_63_D","14810_41_50_51_63","D",54,"D","Late1:CLS","Late1","CLS",134,134,115361,1583,4,"14810_41_50_51_63","Laurentian-Acadian Alkaline Conifer-Hardwood Swamp","Riparian","D",6151561,1368073.3328145,738760,25656,2
"14810_41_50_51_63_E","14810_41_50_51_63","E",NA,NA,NA,NA,NA,NA,NA,NA,NA,NA,NA,NA,NA,NA,0,0,NA,NA,NA
"14810_41_50_51_63_Agriculture","14810_41_50_51_63","Agriculture",0,NA,NA,NA,NA,33,33,47714,1639,180,"14810_41_50_51_63","Laurentian-Acadian Alkaline Conifer-Hardwood Swamp","Riparian","Agriculture",6151561,1368073.3328145,0,10611,1
"14810_41_50_51_63_Agriculture","14810_41_50_51_63","Agriculture",0,NA,NA,NA,NA,171,171,3137,1583,180,"14810_41_50_51_63","Laurentian-Acadian Alkaline Conifer-Hardwood Swamp","Riparian","Agriculture",6151561,1368073.3328145,0,698,0
"14810_41_50_51_63_Urban","14810_41_50_51_63","Urban",0,NA,NA,NA,NA,NA,NA,NA,NA,NA,NA,NA,NA,NA,0,0,0,NA,NA
"14810_41_50_51_63_Water","14810_41_50_51_63","Water",0,NA,NA,NA,NA,NA,NA,NA,NA,NA,NA,NA,NA,NA,0,0,0,NA,NA
"14810_41_50_51_63_UN","14810_41_50_51_63","UN",0,NA,NA,NA,NA,NA,NA,NA,NA,NA,NA,NA,NA,NA,0,0,0,NA,NA
"14810_41_50_51_63_UE","14810_41_50_51_63","UE",0,NA,NA,NA,NA,21,21,45589,1639,7,"14810_41_50_51_63","Laurentian-Acadian Alkaline Conifer-Hardwood Swamp","Riparian","UE",6151561,1368073.3328145,0,10139,1
"14810_41_50_51_63_UE","14810_41_50_51_63","UE",0,NA,NA,NA,NA,168,168,3329,1583,7,"14810_41_50_51_63","Laurentian-Acadian Alkaline Conifer-Hardwood Swamp","Riparian","UE",6151561,1368073.3328145,0,740,0
"14920_41_50_51_52_63_A","14920_41_50_51_52_63","A",22,"A","Early1:ALL","Early1","ALL",226,226,4,1640,1,"14920_41_50_51_52_63","Great Lakes Coastal Marsh Systems","Riparian","A",100331,22313.0625795,4909,1,0
"14920_41_50_51_52_63_B","14920_41_50_51_52_63","B",22,"B","Early2:ALL","Early2","ALL",55,55,1527,1640,2,"14920_41_50_51_52_63","Great Lakes Coastal Marsh Systems","Riparian","B",100331,22313.0625795,4909,340,2
"14920_41_50_51_52_63_B","14920_41_50_51_52_63","B",22,"B","Early2:ALL","Early2","ALL",208,208,415,1584,2,"14920_41_50_51_52_63","Great Lakes Coastal Marsh Systems","Riparian","B",100331,22313.0625795,4909,92,0
"14920_41_50_51_52_63_C","14920_41_50_51_52_63","C",56,"C","Mid1:CLS","Mid1","CLS",54,54,229,1640,3,"14920_41_50_51_52_63","Great Lakes Coastal Marsh Systems","Riparian","C",100331,22313.0625795,12495,51,0
"14920_41_50_51_52_63_C","14920_41_50_51_52_63","C",56,"C","Mid1:CLS","Mid1","CLS",211,211,93,1584,3,"14920_41_50_51_52_63","Great Lakes Coastal Marsh Systems","Riparian","C",100331,22313.0625795,12495,21,0
"14920_41_50_51_52_63_D","14920_41_50_51_52_63","D",NA,NA,NA,NA,NA,NA,NA,NA,NA,NA,NA,NA,NA,NA,0,0,NA,NA,NA
"14920_41_50_51_52_63_E","14920_41_50_51_52_63","E",NA,NA,NA,NA,NA,NA,NA,NA,NA,NA,NA,NA,NA,NA,0,0,NA,NA,NA
"14920_41_50_51_52_63_Agriculture","14920_41_50_51_52_63","Agriculture",0,NA,NA,NA,NA,114,114,390,1640,180,"14920_41_50_51_52_63","Great Lakes Coastal Marsh Systems","Riparian","Agriculture",100331,22313.0625795,0,87,0
"14920_41_50_51_52_63_Agriculture","14920_41_50_51_52_63","Agriculture",0,NA,NA,NA,NA,210,210,233,1584,180,"14920_41_50_51_52_63","Great Lakes Coastal Marsh Systems","Riparian","Agriculture",100331,22313.0625795,0,52,0
"14920_41_50_51_52_63_Urban","14920_41_50_51_52_63","Urban",0,NA,NA,NA,NA,NA,NA,NA,NA,NA,NA,NA,NA,NA,0,0,0,NA,NA
"14920_41_50_51_52_63_Water","14920_41_50_51_52_63","Water",0,NA,NA,NA,NA,NA,NA,NA,NA,NA,NA,NA,NA,NA,0,0,0,NA,NA
"14920_41_50_51_52_63_UN","14920_41_50_51_52_63","UN",0,NA,NA,NA,NA,56,56,8010,1640,6,"14920_41_50_51_52_63","Great Lakes Coastal Marsh Systems","Riparian","UN",100331,22313.0625795,0,1781,8
"14920_41_50_51_52_63_UN","14920_41_50_51_52_63","UN",0,NA,NA,NA,NA,207,207,45400,1584,6,"14920_41_50_51_52_63","Great Lakes Coastal Marsh Systems","Riparian","UN",100331,22313.0625795,0,10097,45
"14920_41_50_51_52_63_UE","14920_41_50_51_52_63","UE",0,NA,NA,NA,NA,112,112,20440,1640,7,"14920_41_50_51_52_63","Great Lakes Coastal Marsh Systems","Riparian","UE",100331,22313.0625795,0,4546,20
"14920_41_50_51_52_63_UE","14920_41_50_51_52_63","UE",0,NA,NA,NA,NA,209,209,624,1584,7,"14920_41_50_51_52_63","Great Lakes Coastal Marsh Systems","Riparian","UE",100331,22313.0625795,0,139,1
"14940_41_50_51_A","14940_41_50_51","A",8,"A","Early1:OPN","Early1","OPN",231,231,12,1586,1,"14940_41_50_51","Laurentian-Acadian Shrub-Herbaceous Wetland Systems","Riparian","A",16971,3774.2570595,302,3,0
"14940_41_50_51_B","14940_41_50_51","B",56,"B","Late1:OPN","Late1","OPN",118,118,16,1641,2,"14940_41_50_51","Laurentian-Acadian Shrub-Herbaceous Wetland Systems","Riparian","B",16971,3774.2570595,2114,4,0
"14940_41_50_51_B","14940_41_50_51","B",56,"B","Late1:OPN","Late1","OPN",191,191,106,1586,2,"14940_41_50_51","Laurentian-Acadian Shrub-Herbaceous Wetland Systems","Riparian","B",16971,3774.2570595,2114,24,1
"14940_41_50_51_C","14940_41_50_51","C",31,"C","Late2:CLS","Late2","CLS",193,193,6,1586,3,"14940_41_50_51","Laurentian-Acadian Shrub-Herbaceous Wetland Systems","Riparian","C",16971,3774.2570595,1170,1,0
"14940_41_50_51_C","14940_41_50_51","C",31,"C","Late2:CLS","Late2","CLS",205,205,1,1641,3,"14940_41_50_51","Laurentian-Acadian Shrub-Herbaceous Wetland Systems","Riparian","C",16971,3774.2570595,1170,0,0
"14940_41_50_51_D","14940_41_50_51","D",5,"D","Late3:CLS","Late3","CLS",83,83,405,1641,4,"14940_41_50_51","Laurentian-Acadian Shrub-Herbaceous Wetland Systems","Riparian","D",16971,3774.2570595,189,90,2
"14940_41_50_51_D","14940_41_50_51","D",5,"D","Late3:CLS","Late3","CLS",174,174,10741,1586,4,"14940_41_50_51","Laurentian-Acadian Shrub-Herbaceous Wetland Systems","Riparian","D",16971,3774.2570595,189,2389,63
"14940_41_50_51_E","14940_41_50_51","E",NA,NA,NA,NA,NA,NA,NA,NA,NA,NA,NA,NA,NA,NA,0,0,NA,NA,NA
"14940_41_50_51_Agriculture","14940_41_50_51","Agriculture",0,NA,NA,NA,NA,125,125,10,1641,180,"14940_41_50_51","Laurentian-Acadian Shrub-Herbaceous Wetland Systems","Riparian","Agriculture",16971,3774.2570595,0,2,0
"14940_41_50_51_Agriculture","14940_41_50_51","Agriculture",0,NA,NA,NA,NA,232,232,195,1586,180,"14940_41_50_51","Laurentian-Acadian Shrub-Herbaceous Wetland Systems","Riparian","Agriculture",16971,3774.2570595,0,43,1
"14940_41_50_51_Urban","14940_41_50_51","Urban",0,NA,NA,NA,NA,NA,NA,NA,NA,NA,NA,NA,NA,NA,0,0,0,NA,NA
"14940_41_50_51_Water","14940_41_50_51","Water",0,NA,NA,NA,NA,NA,NA,NA,NA,NA,NA,NA,NA,NA,0,0,0,NA,NA
"14940_41_50_51_UN","14940_41_50_51","UN",0,NA,NA,NA,NA,116,116,910,1641,6,"14940_41_50_51","Laurentian-Acadian Shrub-Herbaceous Wetland Systems","Riparian","UN",16971,3774.2570595,0,202,5
"14940_41_50_51_UN","14940_41_50_51","UN",0,NA,NA,NA,NA,192,192,3900,1586,6,"14940_41_50_51","Laurentian-Acadian Shrub-Herbaceous Wetland Systems","Riparian","UN",16971,3774.2570595,0,867,23
"14940_41_50_51_UE","14940_41_50_51","UE",0,NA,NA,NA,NA,113,113,115,1641,7,"14940_41_50_51","Laurentian-Acadian Shrub-Herbaceous Wetland Systems","Riparian","UE",16971,3774.2570595,0,26,1
"14940_41_50_51_UE","14940_41_50_51","UE",0,NA,NA,NA,NA,201,201,169,1586,7,"14940_41_50_51","Laurentian-Acadian Shrub-Herbaceous Wetland Systems","Riparian","UE",16971,3774.2570595,0,38,1
"13660_51_63_64_65_66_Developed",NA,NA,NA,NA,NA,NA,NA,8,8,155378,1625,120,"13660_51_63_64_65_66","Laurentian-Acadian Pine-Hemlock-Hardwood Forest","Hardwood-Conifer","Developed",1985644,441596.304558,NA,34555,8
"13022_41_50_51_Developed",NA,NA,NA,NA,NA,NA,NA,10,10,173375,1615,120,"13022_41_50_51","Laurentian-Acadian Northern Hardwoods Forest-Hemlock","Hardwood","Developed",7468754,1661009.811453,NA,38558,2
"14810_41_50_51_63_Developed",NA,NA,NA,NA,NA,NA,NA,17,17,68928,1639,120,"14810_41_50_51_63","Laurentian-Acadian Alkaline Conifer-Hardwood Swamp","Riparian","Developed",6151561,1368073.3328145,NA,15329,1
"NA_Water",NA,NA,NA,NA,NA,NA,NA,18,18,619651,11,111,NA,"Open Water","Open Water","Water",619651,137806.9743195,NA,137807,100
"14770_40_41_50_51_Developed",NA,NA,NA,NA,NA,NA,NA,20,20,32646,1637,120,"14770_40_41_50_51","Boreal Acidic Peatland Systems","Riparian","Developed",3337613,742266.7743285,NA,7260,1
"13651_51_Developed",NA,NA,NA,NA,NA,NA,NA,28,28,146855,1623,120,"13651_51","Boreal White Spruce-Fir-Hardwood Forest-Inland","Conifer","Developed",1915290,425949.961905,NA,32660,8
"13442_51_Developed",NA,NA,NA,NA,NA,NA,NA,31,31,10226,1621,120,"13442_51","Boreal Jack Pine-Black Spruce Forest-Spruce-Fir","Conifer","Developed",110305,24531.2253225,NA,2274,9
"13441_51_Developed",NA,NA,NA,NA,NA,NA,NA,42,42,124119,1620,120,"13441_51","Boreal Jack Pine-Black Spruce Forest-Pine Barrens","Conifer","Developed",986459,219383.0560755,NA,27603,13
"14920_41_50_51_52_63_Developed",NA,NA,NA,NA,NA,NA,NA,51,51,21490,1640,120,"14920_41_50_51_52_63","Great Lakes Coastal Marsh Systems","Riparian","Developed",100331,22313.0625795,NA,4779,21
"NA_Barren or Sparse",NA,NA,NA,NA,NA,NA,NA,58,58,6750,31,132,NA,"Barren-Rock/Sand/Clay","Barren-Rock/Sand/Clay","Barren or Sparse",6750,1501.162875,NA,1501,100
"14750_41_50_51_63_64_65_66_Developed",NA,NA,NA,NA,NA,NA,NA,60,60,1263,1636,120,"14750_41_50_51_63_64_65_66","Laurentian-Acadian Floodplain Systems","Riparian","Developed",115919,25779.7480455,NA,281,1
"13652_51_Developed",NA,NA,NA,NA,NA,NA,NA,64,64,62231,1624,120,"13652_51","Boreal White Spruce-Fir-Hardwood Forest-Coastal","Conifer","Developed",659857,146748.5675865,NA,13840,9
"13620_51_63_64_65_66_Developed",NA,NA,NA,NA,NA,NA,NA,72,72,91002,1622,120,"13620_51_63_64_65_66","Laurentian-Acadian Northern Pine(-Oak) Forest","Hardwood-Conifer","Developed",698331,155304.9735795,NA,20238,13
"13023_51_Developed",NA,NA,NA,NA,NA,NA,NA,77,77,8623,1616,120,"13023_51","Laurentian-Acadian Northern Hardwoods Forest-Northern Sugar Maple-Basswood","Hardwood","Developed",195553,43489.9116585,NA,1918,4
"13022_41_50_51_Developed",NA,NA,NA,NA,NA,NA,NA,79,79,302608,1614,120,"13022_41_50_51","Laurentian-Acadian Northern Hardwoods Forest-Hemlock","Hardwood","Developed",7468754,1661009.811453,NA,67298,4
"14440_41_50_51_Developed",NA,NA,NA,NA,NA,NA,NA,82,82,1961,1633,120,"14440_41_50_51","Eastern Boreal Floodplain","Hardwood","Developed",146201,32514.2982945,NA,436,1
"14072_41_50_51_Developed",NA,NA,NA,NA,NA,NA,NA,95,95,11976,1629,120,"14072_41_50_51","Laurentian Pine-Oak Barrens-Jack Pine","Conifer","Developed",208349,46335.6716805,NA,2663,6
"14071_41_50_51_Developed",NA,NA,NA,NA,NA,NA,NA,119,119,20428,1628,120,"14071_41_50_51","Laurentian Pine-Oak Barrens","Hardwood-Conifer","Developed",183645,40841.6379525,NA,4543,11
"14940_41_50_51_Developed",NA,NA,NA,NA,NA,NA,NA,122,122,31,1641,120,"14940_41_50_51","Laurentian-Acadian Shrub-Herbaceous Wetland Systems","Riparian","Developed",16971,3774.2570595,NA,7,0
"13622_41_50_Developed",NA,NA,NA,NA,NA,NA,NA,133,133,46517,2726,120,"13622_41_50","Laurentian-Acadian Northern Pine(-Oak) Forest-Pine Dominated","Hardwood-Conifer","Developed",425471,94622.4103095,NA,10345,11
"13022_41_50_51_Developed",NA,NA,NA,NA,NA,NA,NA,135,135,10260,1561,120,"13022_41_50_51","Laurentian-Acadian Northern Hardwoods Forest-Hemlock","Hardwood","Developed",7468754,1661009.811453,NA,2282,0
"14770_40_41_50_51_Developed",NA,NA,NA,NA,NA,NA,NA,144,144,1642,1581,120,"14770_40_41_50_51","Boreal Acidic Peatland Systems","Riparian","Developed",3337613,742266.7743285,NA,365,0
"14810_41_50_51_63_Developed",NA,NA,NA,NA,NA,NA,NA,160,160,2103,1583,120,"14810_41_50_51_63","Laurentian-Acadian Alkaline Conifer-Hardwood Swamp","Riparian","Developed",6151561,1368073.3328145,NA,468,0
"13022_41_50_51_Developed",NA,NA,NA,NA,NA,NA,NA,161,161,11385,1562,120,"13022_41_50_51","Laurentian-Acadian Northern Hardwoods Forest-Hemlock","Hardwood","Developed",7468754,1661009.811453,NA,2532,0
"13660_50_Developed",NA,NA,NA,NA,NA,NA,NA,165,165,5281,1569,120,"13660_50","Laurentian-Acadian Pine-Hemlock-Hardwood Forest","Hardwood-Conifer","Developed",1985644,441596.304558,NA,1174,0
"14072_41_50_51_Developed",NA,NA,NA,NA,NA,NA,NA,176,176,13418,1573,120,"14072_41_50_51","Laurentian Pine-Oak Barrens-Jack Pine","Conifer","Developed",208349,46335.6716805,NA,2984,6
"14750_41_50_51_63_64_65_66_Developed",NA,NA,NA,NA,NA,NA,NA,182,182,1536,1580,120,"14750_41_50_51_63_64_65_66","Laurentian-Acadian Floodplain Systems","Riparian","Developed",115919,25779.7480455,NA,342,1
"13651_40_41_50_Developed",NA,NA,NA,NA,NA,NA,NA,187,187,677,1568,120,"13651_40_41_50","Boreal White Spruce-Fir-Hardwood Forest-Inland","Conifer","Developed",1915290,425949.961905,NA,151,0
"13940_50_51_Developed",NA,NA,NA,NA,NA,NA,NA,189,189,31,1570,120,"13940_50_51","North-Central Interior Oak Savanna","Hardwood","Developed",31,6.8942295,NA,7,100
"13100_44_50_Developed",NA,NA,NA,NA,NA,NA,NA,197,197,404,1563,120,"13100_44_50","North-Central Interior Dry-Mesic Oak Forest and Woodland","Hardwood","Developed",619,137.6621955,NA,90,65
"14940_41_50_51_Developed",NA,NA,NA,NA,NA,NA,NA,203,203,354,1586,120,"14940_41_50_51","Laurentian-Acadian Shrub-Herbaceous Wetland Systems","Riparian","Developed",16971,3774.2570595,NA,79,2
"14920_41_50_51_52_63_Developed",NA,NA,NA,NA,NA,NA,NA,206,206,1476,1584,120,"14920_41_50_51_52_63","Great Lakes Coastal Marsh Systems","Riparian","Developed",100331,22313.0625795,NA,328,1
"14660_50_51_Developed",NA,NA,NA,NA,NA,NA,NA,214,214,464,1578,120,"14660_50_51","Great Lakes Wooded Dune and Swale","Riparian","Developed",9008,2003.329656,NA,103,5
"14120_39_40_41_42_43_50_51_Developed",NA,NA,NA,NA,NA,NA,NA,220,220,85,1575,120,"14120_39_40_41_42_43_50_51","North-Central Interior Sand and Gravel Tallgrass Prairie","Grassland","Developed",262,58.267359,NA,19,32
"14210_31_38_42_43_44_50_51_Developed",NA,NA,NA,NA,NA,NA,NA,224,224,38,1576,120,"14210_31_38_42_43_44_50_51","Central Tallgrass Prairie","Grassland","Developed",215,47.8148175,NA,8,18
"13110_50_Developed",NA,NA,NA,NA,NA,NA,NA,230,230,8,1564,120,"13110_50","North-Central Interior Dry Oak Forest and Woodland","Hardwood","Developed",23,5.1150735,NA,2,35
